{
  "cards": [
    [
      0.0,
      0.5078727127287271,
      0.7061853814618538,
      0.8037761223877612,
      0.9999870012998701,
      0.7264278572142786,
      0.9879167083291671,
      0.4861158884111589
    ],
    [
      0.4720877912208779,
      0.0,
      0.12336166383361664,
      0.03591990800919908,
      0.9975992400759924,
      0.06835716428357164,
      0.4783991600839916,
      0.009363063693630637
    ],
    [
      0.2775087491250875,
      0.8635881411858815,
      0.0,
      0.4853144685531447,
      0.5580611938806119,
      0.48772372762723726,
      0.9175302469753025,
      0.25246475352464753
    ],
    [
      0.17630836916308368,
      0.9558139186081391,
      0.48605039496050395,
      0.0,
      0.48564293570642936,
      0.4203029697030297,
      0.0018673132686731328,
      6.999300069993001e-06
    ],
    [
      7.999200079992e-06,
      0.0019178082191780822,
      0.4202759724027597,
      0.4855719428057194,
      0.0,
      0.4858764123587641,
      0.9558419158084192,
      0.17599340065993402
    ],
    [
      0.2521717828217178,
      0.9177267273272672,
      0.4884131586841316,
      0.5579162083791621,
      0.4853964603539646,
      0.0,
      0.8629327067293271,
      0.2771957804219578
    ],
    [
      0.009412058794120588,
      0.4774252574742526,
      0.06858714128587141,
      0.9976282371762824,
      0.03586091390860914,
      0.12395610438956105,
      0.0,
      0.4720492950704929
    ],
    [
      0.4852084791520848,
      0.9880346965303469,
      0.7262548745125488,
      0.99998400159984,
      0.8038756124387562,
      0.7065493450654935,
      0.5079827017298271,
      0.0
    ]
  ],
  "tricks": [
    [
      0.0,
      0.4413208679132087,
      0.6644720527947205,
      0.7695660433956605,
      0.9949065093490651,
      0.6944170582941706,
      0.9672192780721928,
      0.32521147885211477
    ],
    [
      0.4044220577942206,
      0.0,
      0.1157019298070193,
      0.051672832716728324,
      0.9352839716028397,
      0.11325567443255674,
      0.40975252474752527,
      0.008332666733326667
    ],
    [
      0.21184781521847815,
      0.8013563643635636,
      0.0,
      0.43157434256574345,
      0.4418838116188381,
      0.4062678732126787,
      0.7923742625737427,
      0.16822767723227677
    ],
    [
      0.11262623737626237,
      0.882999700029997,
      0.4317958204179582,
      0.0,
      0.43124337566243376,
      0.42385861413858616,
      0.026252374762523747,
      0.0011003899610038995
    ],
    [
      0.0011063893610638936,
      0.026355364463553646,
      0.42385261473852615,
      0.4314823517648235,
      0.0,
      0.43202379762023796,
      0.8828352164783522,
      0.11308269173082691
    ],
    [
      0.1676067393260674,
      0.7924092590740925,
      0.40642835716428355,
      0.4418008199180082,
      0.4311853814618538,
      0.0,
      0.8007629237076292,
      0.21167233276672331
    ],
    [
      0.008334666533346665,
      0.40894360563943605,
      0.1133936606339366,
      0.9353599640035997,
      0.05172182781721828,
      0.11641985801419857,
      0.0,
      0.40452454754524547
    ],
    [
      0.3248315168483152,
      0.9673887611238876,
      0.6937801219878013,
      0.9948925107489252,
      0.768979102089791,
      0.6647975202479752,
      0.4405979402059794,
      0.0
    ]
  ],
  "card_ties": [
    [
      1.0,
      0.02003949605039496,
      0.016305869413058695,
      0.019915508449155083,
      4.999500049995e-06,
      0.0214003599640036,
      0.002671232876712329,
      0.028675632436756325
    ],
    [
      0.02003949605039496,
      1.0,
      0.01305019498050195,
      0.008266173382661734,
      0.00048295170482951703,
      0.013916108389161084,
      0.044175582441755824,
      0.002602239776022398
    ],
    [
      0.016305869413058695,
      0.01305019498050195,
      1.0,
      0.028635136486351364,
      0.021662833716628336,
      0.023863113688631137,
      0.013882611738826118,
      0.021280371962803718
    ],
    [
      0.019915508449155083,
      0.008266173382661734,
      0.028635136486351364,
      1.0,
      0.028785121487851215,
      0.02178082191780822,
      0.0005044495550444955,
      8.999100089991001e-06
    ],
    [
      4.999500049995e-06,
      0.00048295170482951703,
      0.021662833716628336,
      0.028785121487851215,
      1.0,
      0.028727127287271274,
      0.008297170282971703,
      0.02013098690130987
    ],
    [
      0.0214003599640036,
      0.013916108389161084,
      0.023863113688631137,
      0.02178082191780822,
      0.028727127287271274,
      1.0,
      0.01311118888111189,
      0.016254874512548746
    ],
    [
      0.002671232876712329,
      0.044175582441755824,
      0.013882611738826118,
      0.0005044495550444955,
      0.008297170282971703,
      0.01311118888111189,
      1.0,
      0.01996800319968003
    ],
    [
      0.028675632436756325,
      0.002602239776022398,
      0.021280371962803718,
      8.999100089991001e-06,
      0.02013098690130987,
      0.016254874512548746,
      0.01996800319968003,
      1.0
    ]
  ],
  "trick_ties": [
    [
      1.0,
      0.15425707429257074,
      0.12368013198680132,
      0.11780771922807719,
      0.003987101289871013,
      0.13797620237976202,
      0.024446055394460552,
      0.34995700429957005
    ],
    [
      0.15425707429257074,
      1.0,
      0.08294170582941705,
      0.06532746725327468,
      0.03836066393360664,
      0.09433506649335066,
      0.1813038696130387,
      0.024278572142785722
    ],
    [
      0.12368013198680132,
      0.08294170582941705,
      1.0,
      0.13662983701629838,
      0.13426357364263575,
      0.18730376962303769,
      0.09423207679232076,
      0.137992200779922
    ],
    [
      0.11780771922807719,
      0.06532746725327468,
      0.13662983701629838,
      1.0,
      0.13727427257274272,
      0.13434056594340565,
      0.03838766123387661,
      0.0040070992900709925
    ],
    [
      0.003987101289871013,
      0.03836066393360664,
      0.13426357364263575,
      0.13727427257274272,
      1.0,
      0.1367908209179082,
      0.06544295570442955,
      0.11793820617938207
    ],
    [
      0.13797620237976202,
      0.09433506649335066,
      0.18730376962303769,
      0.13434056594340565,
      0.1367908209179082,
      1.0,
      0.08281721827817218,
      0.12353014698530147
    ],
    [
      0.024446055394460552,
      0.1813038696130387,
      0.09423207679232076,
      0.03838766123387661,
      0.06544295570442955,
      0.08281721827817218,
      1.0,
      0.15487751224877513
    ],
    [
      0.34995700429957005,
      0.024278572142785722,
      0.137992200779922,
      0.0040070992900709925,
      0.11793820617938207,
      0.12353014698530147,
      0.15487751224877513,
      1.0
    ]
  ]
}