{
  "cards": [
    [
      0.0,
      0.50581,
      0.70537,
      0.80103,
      0.99999,
      0.72471,
      0.98802,
      0.48294
    ],
    [
      0.47396,
      0.0,
      0.1234,
      0.03452,
      0.99759,
      0.06737,
      0.47564,
      0.00927
    ],
    [
      0.27834,
      0.8636,
      0.0,
      0.48595,
      0.55889,
      0.48708,
      0.91828,
      0.25293
    ],
    [
      0.1782,
      0.95687,
      0.48558,
      0.0,
      0.48682,
      0.42026,
      0.00198,
      1e-05
    ],
    [
      1e-05,
      0.00189,
      0.41975,
      0.48375,
      0.0,
      0.483,
      0.95421,
      0.17545
    ],
    [
      0.25392,
      0.91841,
      0.48822,
      0.5573,
      0.48825,
      0.0,
      0.86366,
      0.27501
    ],
    [
      0.00916,
      0.48014,
      0.06827,
      0.99747,
      0.0372,
      0.12298,
      0.0,
      0.47374
    ],
    [
      0.48771,
      0.98792,
      0.72623,
      0.99999,
      0.80379,
      0.70851,
      0.50676,
      0.0
    ]
  ],
  "tricks": [
    [
      0.0,
      0.44008,
      0.66205,
      0.76698,
      0.99481,
      0.69054,
      0.96719,
      0.325
    ],
    [
      0.40588,
      0.0,
      0.11543,
      0.05061,
      0.93514,
      0.11211,
      0.40771,
      0.00824
    ],
    [
      0.21242,
      0.80275,
      0.0,
      0.43192,
      0.44222,
      0.40629,
      0.79219,
      0.16957
    ],
    [
      0.11337,
      0.88437,
      0.4317,
      0.0,
      0.43448,
      0.42258,
      0.0264,
      0.00112
    ],
    [
      0.00113,
      0.02658,
      0.423,
      0.43078,
      0.0,
      0.42861,
      0.88029,
      0.11367
    ],
    [
      0.16858,
      0.79372,
      0.40687,
      0.44223,
      0.43377,
      0.0,
      0.8035,
      0.21193
    ],
    [
      0.00825,
      0.41097,
      0.11464,
      0.93486,
      0.05293,
      0.11351,
      0.0,
      0.40631
    ],
    [
      0.32451,
      0.96713,
      0.69428,
      0.99467,
      0.76948,
      0.66369,
      0.44075,
      0.0
    ]
  ],
  "card_ties": [
    [
      0.0015,
      0.02023,
      0.01629,
      0.02077,
      0.0,
      0.02137,
      0.00282,
      0.02935
    ],
    [
      0.02023,
      0.0,
      0.013,
      0.00861,
      0.00052,
      0.01422,
      0.04422,
      0.00281
    ],
    [
      0.01629,
      0.013,
      0.00062,
      0.02847,
      0.02136,
      0.0247,
      0.01345,
      0.02084
    ],
    [
      0.02077,
      0.00861,
      0.02847,
      0.0,
      0.02943,
      0.02244,
      0.00055,
      0.0
    ],
    [
      0.0,
      0.00052,
      0.02136,
      0.02943,
      0.0,
      0.02875,
      0.00859,
      0.02076
    ],
    [
      0.02137,
      0.01422,
      0.0247,
      0.02244,
      0.02875,
      0.00071,
      0.01336,
      0.01648
    ],
    [
      0.00282,
      0.04422,
      0.01345,
      0.00055,
      0.00859,
      0.01336,
      0.0,
      0.0195
    ],
    [
      0.02935,
      0.00281,
      0.02084,
      0.0,
      0.02076,
      0.01648,
      0.0195,
      0.00125
    ]
  ],
  "trick_ties": [
    [
      0.0015,
      0.15404,
      0.12553,
      0.11965,
      0.00406,
      0.14088,
      0.02456,
      0.35049
    ],
    [
      0.15404,
      0.0,
      0.08182,
      0.06502,
      0.03828,
      0.09417,
      0.18132,
      0.02463
    ],
    [
      0.12553,
      0.08182,
      0.00062,
      0.13638,
      0.13478,
      0.18684,
      0.09317,
      0.13615
    ],
    [
      0.11965,
      0.06502,
      0.13638,
      0.0,
      0.13474,
      0.13519,
      0.03874,
      0.00421
    ],
    [
      0.00406,
      0.03828,
      0.13478,
      0.13474,
      0.0,
      0.13762,
      0.06678,
      0.11685
    ],
    [
      0.14088,
      0.09417,
      0.18684,
      0.13519,
      0.13762,
      0.00071,
      0.08299,
      0.12438
    ],
    [
      0.02456,
      0.18132,
      0.09317,
      0.03874,
      0.06678,
      0.08299,
      0.0,
      0.15294
    ],
    [
      0.35049,
      0.02463,
      0.13615,
      0.00421,
      0.11685,
      0.12438,
      0.15294,
      0.00125
    ]
  ]
}