{
  "batch_idx": [
    0,
    1
  ],
  "gen_write_time_s": [
    0.02741020899884461,
    0.0009672500000306172
  ],
  "file_mb": [
    0.0010929107666015625,
    0.0010843276977539062
  ]
}