{
  "batch_idx": [
    0,
    1,
    2,
    3,
    4,
    5,
    6,
    7,
    8,
    9,
    10,
    11,
    12,
    13,
    14,
    15,
    16,
    17,
    18,
    19,
    20,
    21,
    22,
    23,
    24,
    25,
    26,
    27,
    28,
    29,
    30,
    31,
    32,
    33,
    34,
    35,
    36,
    37,
    38,
    39,
    40,
    41,
    42,
    43,
    44,
    45,
    46,
    47,
    48,
    49,
    50,
    51,
    52,
    53,
    54,
    55,
    56,
    57,
    58,
    59,
    60,
    61,
    62,
    63,
    64,
    65,
    66,
    67,
    68,
    69,
    70,
    71,
    72,
    73,
    74,
    75,
    76,
    77,
    78,
    79,
    80,
    81,
    82,
    83,
    84,
    85,
    86,
    87,
    88,
    89,
    90,
    91,
    92,
    93,
    94,
    95,
    96,
    97,
    98,
    99,
    100,
    101,
    102,
    103,
    104,
    105,
    106,
    107,
    108,
    109,
    110,
    111,
    112,
    113,
    114,
    115,
    116,
    117,
    118,
    119,
    120,
    121,
    122,
    123,
    124,
    125,
    126,
    127,
    128,
    129,
    130,
    131,
    132,
    133,
    134,
    135,
    136,
    137,
    138,
    139,
    140,
    141,
    142,
    143,
    144,
    145,
    146,
    147,
    148,
    149,
    150,
    151,
    152,
    153,
    154,
    155,
    156,
    157,
    158,
    159,
    160,
    161,
    162,
    163,
    164,
    165,
    166,
    167,
    168,
    169,
    170,
    171,
    172,
    173,
    174,
    175,
    176,
    177,
    178,
    179,
    180,
    181,
    182,
    183,
    184,
    185,
    186,
    187,
    188,
    189,
    190,
    191,
    192,
    193,
    194,
    195,
    196,
    197,
    198,
    199
  ],
  "gen_write_time_s": [
    0.08018633299798239,
    0.07998633299939684,
    0.07953679100319277,
    0.0787640000016836,
    0.07906654099861044,
    0.07907091700326419,
    0.07925291699939407,
    0.07917100000122446,
    0.07946208300199942,
    0.07925800000157324,
    0.07883858299828717,
    0.07912224999745376,
    0.07893333299944061,
    0.07877024999834248,
    0.07964895799887017,
    0.078693708001083,
    0.0788126250008645,
    0.07874749999973574,
    0.07878337500005728,
    0.0788438750023488,
    0.08056650000071386,
    0.07942004200231167,
    0.07905862500047078,
    0.07894545800081687,
    0.07903779199841665,
    0.0790140409990272,
    0.07910645800075145,
    0.07896383299885201,
    0.07923108300019521,
    0.079110041999229,
    0.07886608400076511,
    0.07911041600164026,
    0.07904875000167522,
    0.08001891700041597,
    0.07913095900221379,
    0.07900458299991442,
    0.07984645900069154,
    0.07909866699992563,
    0.07927837500028545,
    0.07913800000096671,
    0.07909970899709151,
    0.07916445899900282,
    0.07914533299845061,
    0.07943987500038929,
    0.07981691700115334,
    0.07977412500258652,
    0.08098312500078464,
    0.07987891700031469,
    0.07891133399971295,
    0.07945904200096265,
    0.07896099999925354,
    0.07924620899939328,
    0.07903145799718914,
    0.07924691699736286,
    0.07911458399757976,
    0.08011724999960279,
    0.07903670899759163,
    0.07918458299900522,
    0.08093741699849488,
    0.07915220799986855,
    0.07912724999914644,
    0.0792118749996007,
    0.07905195800049114,
    0.07901733300241176,
    0.07919158299773699,
    0.07924891599759576,
    0.07949745800215169,
    0.07920449999801349,
    0.07940874999985681,
    0.07913687499967637,
    0.0794028749987774,
    0.07925612500184798,
    0.07905899999968824,
    0.07928424999772687,
    0.08023487500031479,
    0.07937229199887952,
    0.07937308400141774,
    0.07935654200264253,
    0.07956308299981174,
    0.07940529199913726,
    0.07944454200332984,
    0.0794129999994766,
    0.07938800000192714,
    0.0806323339966184,
    0.07951358299760614,
    0.08021541700145463,
    0.0794956669997191,
    0.07956950000152574,
    0.07949208300124155,
    0.07952087499870686,
    0.07965766699999222,
    0.0795944999990752,
    0.07954979200076195,
    0.07943991700085462,
    0.07973466600014945,
    0.07970370900147827,
    0.07957695799996145,
    0.0797248339986254,
    0.07954679199974635,
    0.07958370900087175,
    0.079757666997466,
    0.07961266699931002,
    0.07942875000298955,
    0.07979762499962817,
    0.07974908300093375,
    0.07981345799998962,
    0.07960262499909732,
    0.0796289580030134,
    0.08129920799910906,
    0.07910370800163946,
    0.08117595800285926,
    0.07937966700046672,
    0.07977991699954146,
    0.07984870799919008,
    0.08004641600200557,
    0.08032062499842141,
    0.08009833400137722,
    0.08050220800214447,
    0.07990533300107927,
    0.07997316699766088,
    0.08111975000065286,
    0.08150129199930234,
    0.08079437500055064,
    0.07899233300122432,
    0.0799127079990285,
    0.08006866700088722,
    0.08010075000129291,
    0.08053458399808733,
    0.08021412499874714,
    0.08068199999979697,
    0.08085474999825237,
    0.08122512499903678,
    0.08024208300048485,
    0.08034895799937658,
    0.0801460410002619,
    0.08002641699931701,
    0.08180354200158035,
    0.08342799999809358,
    0.08006729199769325,
    0.0808122500020545,
    0.07899483299843268,
    0.08053645899781259,
    0.0809345410016249,
    0.08104120799907832,
    0.08104841599924839,
    0.0812104159995215,
    0.08087304199943901,
    0.08080925000103889,
    0.08231175000037183,
    0.07967425000242656,
    0.07935929200175451,
    0.07984104199931608,
    0.08252366600208916,
    0.0797777080006199,
    0.08104041700062226,
    0.08069266699749278,
    0.08018458400329109,
    0.08090091600024607,
    0.08143391699923086,
    0.08065691600131686,
    0.08026275000156602,
    0.08082775000002584,
    0.08132970800215844,
    0.08068379200267373,
    0.08374379100132501,
    0.07924554200144485,
    0.08084316699751071,
    0.08096358299735584,
    0.07973866699830978,
    0.08189366700025857,
    0.0811689589972957,
    0.08108675000039511,
    0.08144358400022611,
    0.08087479200185044,
    0.08107912500054226,
    0.08156900000176392,
    0.0813717090022692,
    0.0812121249982738,
    0.07988362499963841,
    0.08021033299883129,
    0.0804519170014828,
    0.08099099999890313,
    0.08064462500260561,
    0.08093104100044002,
    0.08082883299721288,
    0.08109291700020549,
    0.08090487500157906,
    0.08136691700201482,
    0.08090599999923143,
    0.08080841599803534,
    0.08093129199914983,
    0.08086420899780933,
    0.08080524999968475,
    0.08086058299886645,
    0.08071241699872189,
    0.08117016699907253,
    0.07955641700027627,
    0.08110087500244845,
    0.07999054199899547,
    0.08091054200122016
  ],