{
  "batch_idx": [
    0,
    1
  ],
  "gen_write_time_s": [
    0.07986574999813456,
    0.07933145800052444
  ],
  "file_mb": [
    0.07909488677978516,
    0.0790252685546875
  ]
}