{
  "cards": [
    [
      0.0,
      0.5080025,
      0.706646,
      0.8041845,
      0.999986,
      0.7266695,
      0.988052,
      0.485199
    ],
    [
      0.4719825,
      0.0,
      0.123666,
      0.0360785,
      0.997594,
      0.068213,
      0.4775775,
      0.0094405
    ],
    [
      0.2771295,
      0.863061,
      0.0,
      0.48531,
      0.558171,
      0.4878295,
      0.9178485,
      0.2516525
    ],
    [
      0.175891,
      0.9554225,
      0.4857835,
      0.0,
      0.486093,
      0.4202315,
      0.0019175,
      7e-06
    ],
    [
      1.1e-05,
      0.0019265,
      0.420128,
      0.4853135,
      0.0,
      0.4858255,
      0.9555155,
      0.1759115
    ],
    [
      0.2522235,
      0.9178755,
      0.48815,
      0.5580125,
      0.485626,
      0.0,
      0.863077,
      0.2768325
    ],
    [
      0.0092915,
      0.4778265,
      0.068369,
      0.997611,
      0.036104,
      0.123813,
      0.0,
      0.4714935
    ],
    [
      0.4859815,
      0.9879825,
      0.726914,
      0.9999865,
      0.8039275,
      0.7070075,
      0.5086225,
      0.0
    ]
  ],
  "tricks": [
    [
      0.0,
      0.4411115,
      0.664531,
      0.769726,
      0.9948155,
      0.694154,
      0.9674195,
      0.3249705
    ],
    [
      0.4043355,
      0.0,
      0.116174,
      0.051681,
      0.935255,
      0.113404,
      0.409269,
      0.0082315
    ],
    [
      0.211669,
      0.800855,
      0.0,
      0.431057,
      0.44202,
      0.40686,
      0.792536,
      0.167647
    ],
    [
      0.1125825,
      0.882919,
      0.4317815,
      0.0,
      0.431895,
      0.4234865,
      0.0262135,
      0.001075
    ],
    [
      0.001123,
      0.0262155,
      0.4238225,
      0.431392,
      0.0,
      0.4317015,
      0.882727,
      0.1126255
    ],
    [
      0.167845,
      0.792108,
      0.406546,
      0.442149,
      0.4314395,
      0.0,
      0.801093,
      0.2114875
    ],
    [
      0.008254,
      0.4096365,
      0.1133825,
      0.9353945,
      0.051785,
      0.115865,
      0.0,
      0.404185
    ],
    [
      0.3252,
      0.967312,
      0.694473,
      0.9948475,
      0.769581,
      0.665009,
      0.4411945,
      0.0
    ]
  ],
  "card_ties": [
    [
      0.0014165,
      0.020015,
      0.0162245,
      0.0199245,
      3e-06,
      0.021107,
      0.0026565,
      0.0288195
    ],
    [
      0.020015,
      0.0,
      0.013273,
      0.008499,
      0.0004795,
      0.0139115,
      0.044596,
      0.002577
    ],
    [
      0.0162245,
      0.013273,
      0.0006265,
      0.0289065,
      0.021701,
      0.0240205,
      0.0137825,
      0.0214335
    ],
    [
      0.0199245,
      0.008499,
      0.0289065,
      0.0,
      0.0285935,
      0.021756,
      0.0004715,
      6.5e-06
    ],
    [
      3e-06,
      0.0004795,
      0.021701,
      0.0285935,
      0.0,
      0.0285485,
      0.0083805,
      0.020161
    ],
    [
      0.021107,
      0.0139115,
      0.0240205,
      0.021756,
      0.0285485,
      0.000678,
      0.01311,
      0.01616
    ],
    [
      0.0026565,
      0.044596,
      0.0137825,
      0.0004715,
      0.0083805,
      0.01311,
      0.0,
      0.019884
    ],
    [
      0.0288195,
      0.002577,
      0.0214335,
      6.5e-06,
      0.020161,
      0.01616,
      0.019884,
      0.001378
    ]
  ],
  "trick_ties": [
    [
      0.0014165,
      0.154553,
      0.1238,
      0.1176915,
      0.0040615,
      0.138001,
      0.0243265,
      0.3498295
    ],
    [
      0.154553,
      0.0,
      0.082971,
      0.0654,
      0.0385295,
      0.094488,
      0.1810945,
      0.0244565
    ],
    [
      0.1238,
      0.082971,
      0.0006265,
      0.1371615,
      0.1341575,
      0.186594,
      0.0940815,
      0.13788
    ],
    [
      0.1176915,
      0.0654,
      0.1371615,
      0.0,
      0.136713,
      0.1343645,
      0.038392,
      0.0040775
    ],
    [
      0.0040615,
      0.0385295,
      0.1341575,
      0.136713,
      0.0,
      0.136859,
      0.065488,
      0.1177935
    ],
    [
      0.138001,
      0.094488,
      0.186594,
      0.1343645,
      0.136859,
      0.000678,
      0.083042,
      0.1235035
    ],
    [
      0.0243265,
      0.1810945,
      0.0940815,
      0.038392,
      0.065488,
      0.083042,
      0.0,
      0.1546205
    ],
    [
      0.3498295,
      0.0244565,
      0.13788,
      0.0040775,
      0.1177935,
      0.1235035,
      0.1546205,
      0.001378
    ]
  ]
}